interaction,vehicle_id,x_start,y_start,x_end,y_end,startTime,arriveTime
0,0,22.014639,50.0216,22.015684,50.021603,0,14
0,2,22.015553,50.028272,22.018961,50.028306,0,153
1,2,22.015553,50.028272,22.018961,50.028306,0,153
1,3,22.015553,50.028272,22.018967,50.028306,0,82
1,0,22.014639,50.0216,22.015684,50.021603,0,14
2,4,22.015553,50.028272,22.01894,50.028307,0,89
2,3,22.015553,50.028272,22.018967,50.028306,0,82
2,2,22.015553,50.028272,22.018961,50.028306,0,153
2,0,22.014639,50.0216,22.015684,50.021603,0,14
3,0,22.014639,50.0216,22.015684,50.021603,0,14
3,4,22.015553,50.028272,22.01894,50.028307,0,89
3,3,22.015553,50.028272,22.018967,50.028306,0,82
3,2,22.015553,50.028272,22.018961,50.028306,0,153
4,4,22.015553,50.028272,22.01894,50.028307,0,89
4,3,22.015553,50.028272,22.018967,50.028306,0,82
4,2,22.015553,50.028272,22.018961,50.028306,0,153
4,0,22.014639,50.0216,22.015684,50.021603,0,14
5,0,22.014639,50.0216,22.015684,50.021603,0,14
5,2,22.015553,50.028272,22.018961,50.028306,0,153
5,3,22.015553,50.028272,22.018967,50.028306,0,82
5,4,22.015553,50.028272,22.01894,50.028307,0,89
5,1,22.014639,50.0216,22.015583,50.021603,0,14
6,5,22.015553,50.028272,22.018957,50.028278,0,145
6,3,22.015553,50.028272,22.018967,50.028306,0,82
6,4,22.015553,50.028272,22.01894,50.028307,0,89
6,1,22.014639,50.0216,22.015583,50.021603,0,14
6,0,22.014639,50.0216,22.015684,50.021603,0,14
6,2,22.015553,50.028272,22.018961,50.028306,0,153
7,4,22.015553,50.028272,22.01894,50.028307,0,89
7,2,22.015553,50.028272,22.018961,50.028306,0,153
7,0,22.014639,50.0216,22.015684,50.021603,0,14
7,3,22.015553,50.028272,22.018967,50.028306,0,82
7,1,22.014639,50.0216,22.015583,50.021603,0,14
7,5,22.015553,50.028272,22.018957,50.028278,0,145
8,0,22.014639,50.0216,22.015684,50.021603,0,14
8,1,22.014639,50.0216,22.015583,50.021603,0,14
8,5,22.015553,50.028272,22.018957,50.028278,0,145
8,4,22.015553,50.028272,22.01894,50.028307,0,89
8,2,22.015553,50.028272,22.018961,50.028306,0,153
8,3,22.015553,50.028272,22.018967,50.028306,0,82
9,1,22.014639,50.0216,22.015583,50.021603,0,14
9,4,22.015553,50.028272,22.01894,50.028307,0,89
9,0,22.014639,50.0216,22.015684,50.021603,0,14
9,2,22.015553,50.028272,22.018961,50.028306,0,153
9,5,22.015553,50.028272,22.018957,50.028278,0,145
9,3,22.015553,50.028272,22.018967,50.028306,0,82
10,0,22.014639,50.0216,22.015684,50.021603,0,14
10,2,22.015553,50.028272,22.018961,50.028306,0,153
10,1,22.014639,50.0216,22.015583,50.021603,0,14
10,5,22.015553,50.028272,22.018957,50.028278,0,145
10,4,22.015553,50.028272,22.01894,50.028307,0,89
10,3,22.015553,50.028272,22.018967,50.028306,0,82
11,0,22.014639,50.0216,22.015684,50.021603,0,14
11,5,22.015553,50.028272,22.018957,50.028278,0,145
11,1,22.014639,50.0216,22.015583,50.021603,0,14
11,6,22.015553,50.028272,22.019018,50.028304,0,144
11,2,22.015553,50.028272,22.018961,50.028306,0,153
11,3,22.015553,50.028272,22.018967,50.028306,0,82
11,4,22.015553,50.028272,22.01894,50.028307,0,89
12,0,22.014639,50.0216,22.015684,50.021603,0,14
12,3,22.015553,50.028272,22.018967,50.028306,0,82
12,6,22.015553,50.028272,22.019018,50.028304,0,144
12,4,22.015553,50.028272,22.01894,50.028307,0,89
12,1,22.014639,50.0216,22.015583,50.021603,0,14
12,2,22.015553,50.028272,22.018961,50.028306,0,153
12,5,22.015553,50.028272,22.018957,50.028278,0,145
13,0,22.014639,50.0216,22.015684,50.021603,0,14
13,4,22.015553,50.028272,22.01894,50.028307,0,89
13,6,22.015553,50.028272,22.019018,50.028304,0,144
13,3,22.015553,50.028272,22.018967,50.028306,0,82
13,2,22.015553,50.028272,22.018961,50.028306,0,153
13,1,22.014639,50.0216,22.015583,50.021603,0,14
13,5,22.015553,50.028272,22.018957,50.028278,0,145
14,3,22.015553,50.028272,22.018967,50.028306,0,82
14,1,22.014639,50.0216,22.015583,50.021603,0,14
14,2,22.015553,50.028272,22.018961,50.028306,0,153
14,0,22.014639,50.0216,22.015684,50.021603,0,14
14,6,22.015553,50.028272,22.019018,50.028304,0,144
14,4,22.015553,50.028272,22.01894,50.028307,0,89
14,5,22.015553,50.028272,22.018957,50.028278,0,145
15,3,22.015553,50.028272,22.018967,50.028306,0,82
15,1,22.014639,50.0216,22.015583,50.021603,0,14
15,4,22.015553,50.028272,22.01894,50.028307,0,89
15,5,22.015553,50.028272,22.018957,50.028278,0,145
15,2,22.015553,50.028272,22.018961,50.028306,0,153
15,7,22.015553,50.028272,22.019065,50.028303,0,63
15,6,22.015553,50.028272,22.019018,50.028304,0,144
16,1,22.014639,50.0216,22.015583,50.021603,0,14
16,5,22.015553,50.028272,22.018957,50.028278,0,145
16,2,22.015553,50.028272,22.018961,50.028306,0,153
16,3,22.015553,50.028272,22.018967,50.028306,0,82
16,7,22.015553,50.028272,22.019065,50.028303,0,63
16,6,22.015553,50.028272,22.019018,50.028304,0,144
16,4,22.015553,50.028272,22.01894,50.028307,0,89
17,7,22.015553,50.028272,22.019065,50.028303,0,63
17,2,22.015553,50.028272,22.018961,50.028306,0,153
17,3,22.015553,50.028272,22.018967,50.028306,0,82
17,4,22.015553,50.028272,22.01894,50.028307,0,89
17,5,22.015553,50.028272,22.018957,50.028278,0,145
17,1,22.014639,50.0216,22.015583,50.021603,0,14
17,6,22.015553,50.028272,22.019018,50.028304,0,144
18,1,22.014639,50.0216,22.015583,50.021603,0,14
18,3,22.015553,50.028272,22.018967,50.028306,0,82
18,2,22.015553,50.028272,22.018961,50.028306,0,153
18,5,22.015553,50.028272,22.018957,50.028278,0,145
18,7,22.015553,50.028272,22.019065,50.028303,0,63
18,4,22.015553,50.028272,22.01894,50.028307,0,89
18,6,22.015553,50.028272,22.019018,50.028304,0,144
19,6,22.015553,50.028272,22.019018,50.028304,0,144
19,8,22.015553,50.028272,22.019068,50.028303,0,146
19,3,22.015553,50.028272,22.018967,50.028306,0,82
19,7,22.015553,50.028272,22.019065,50.028303,0,63
19,1,22.014639,50.0216,22.015583,50.021603,0,14
19,2,22.015553,50.028272,22.018961,50.028306,0,153
19,5,22.015553,50.028272,22.018957,50.028278,0,145
19,4,22.015553,50.028272,22.01894,50.028307,0,89
20,8,22.015553,50.028272,22.019068,50.028303,0,146
20,7,22.015553,50.028272,22.019065,50.028303,0,63
20,6,22.015553,50.028272,22.019018,50.028304,0,144
20,2,22.015553,50.028272,22.018961,50.028306,0,153
20,5,22.015553,50.028272,22.018957,50.028278,0,145
20,4,22.015553,50.028272,22.01894,50.028307,0,89
20,3,22.015553,50.028272,22.018967,50.028306,0,82
21,5,22.015553,50.028272,22.018957,50.028278,0,145
21,4,22.015553,50.028272,22.01894,50.028307,0,89
21,3,22.015553,50.028272,22.018967,50.028306,0,82
21,2,22.015553,50.028272,22.018961,50.028306,0,153
21,7,22.015553,50.028272,22.019065,50.028303,0,63
21,6,22.015553,50.028272,22.019018,50.028304,0,144
21,8,22.015553,50.028272,22.019068,50.028303,0,146
22,2,22.015553,50.028272,22.018961,50.028306,0,153
22,4,22.015553,50.028272,22.01894,50.028307,0,89
22,3,22.015553,50.028272,22.018967,50.028306,0,82
22,7,22.015553,50.028272,22.019065,50.028303,0,63
22,5,22.015553,50.028272,22.018957,50.028278,0,145
22,6,22.015553,50.028272,22.019018,50.028304,0,144
22,8,22.015553,50.028272,22.019068,50.028303,0,146
23,9,22.015553,50.028272,22.019022,50.028304,0,134
23,4,22.015553,50.028272,22.01894,50.028307,0,89
23,7,22.015553,50.028272,22.019065,50.028303,0,63
23,5,22.015553,50.028272,22.018957,50.028278,0,145
23,6,22.015553,50.028272,22.019018,50.028304,0,144
23,3,22.015553,50.028272,22.018967,50.028306,0,82
23,8,22.015553,50.028272,22.019068,50.028303,0,146
23,2,22.015553,50.028272,22.018961,50.028306,0,153
24,2,22.015553,50.028272,22.018961,50.028306,0,153
24,6,22.015553,50.028272,22.019018,50.028304,0,144
24,3,22.015553,50.028272,22.018967,50.028306,0,82
24,10,22.015553,50.028272,22.019058,50.028303,0,145
24,9,22.015553,50.028272,22.019022,50.028304,0,134
24,7,22.015553,50.028272,22.019065,50.028303,0,63
24,8,22.015553,50.028272,22.019068,50.028303,0,146
24,4,22.015553,50.028272,22.01894,50.028307,0,89
24,5,22.015553,50.028272,22.018957,50.028278,0,145
25,3,22.015553,50.028272,22.018967,50.028306,0,82
25,10,22.015553,50.028272,22.019058,50.028303,0,145
25,9,22.015553,50.028272,22.019022,50.028304,0,134
25,4,22.015553,50.028272,22.01894,50.028307,0,89
25,8,22.015553,50.028272,22.019068,50.028303,0,146
25,2,22.015553,50.028272,22.018961,50.028306,0,153
25,7,22.015553,50.028272,22.019065,50.028303,0,63
25,5,22.015553,50.028272,22.018957,50.028278,0,145
25,6,22.015553,50.028272,22.019018,50.028304,0,144
26,8,22.015553,50.028272,22.019068,50.028303,0,146
26,5,22.015553,50.028272,22.018957,50.028278,0,145
26,2,22.015553,50.028272,22.018961,50.028306,0,153
26,10,22.015553,50.028272,22.019058,50.028303,0,145
26,3,22.015553,50.028272,22.018967,50.028306,0,82
26,4,22.015553,50.028272,22.01894,50.028307,0,89
26,9,22.015553,50.028272,22.019022,50.028304,0,134
26,7,22.015553,50.028272,22.019065,50.028303,0,63
26,6,22.015553,50.028272,22.019018,50.028304,0,144
27,2,22.015553,50.028272,22.018961,50.028306,0,153
27,3,22.015553,50.028272,22.018967,50.028306,0,82
27,5,22.015553,50.028272,22.018957,50.028278,0,145
27,6,22.015553,50.028272,22.019018,50.028304,0,144
27,7,22.015553,50.028272,22.019065,50.028303,0,63
27,4,22.015553,50.028272,22.01894,50.028307,0,89
27,9,22.015553,50.028272,22.019022,50.028304,0,134
27,10,22.015553,50.028272,22.019058,50.028303,0,145
27,8,22.015553,50.028272,22.019068,50.028303,0,146
28,3,22.015553,50.028272,22.018967,50.028306,0,82
28,5,22.015553,50.028272,22.018957,50.028278,0,145
28,6,22.015553,50.028272,22.019018,50.028304,0,144
28,4,22.015553,50.028272,22.01894,50.028307,0,89
28,10,22.015553,50.028272,22.019058,50.028303,0,145
28,7,22.015553,50.028272,22.019065,50.028303,0,63
28,2,22.015553,50.028272,22.018961,50.028306,0,153
28,8,22.015553,50.028272,22.019068,50.028303,0,146
28,9,22.015553,50.028272,22.019022,50.028304,0,134
29,4,22.015553,50.028272,22.01894,50.028307,0,89
29,6,22.015553,50.028272,22.019018,50.028304,0,144
29,7,22.015553,50.028272,22.019065,50.028303,0,63
29,3,22.015553,50.028272,22.018967,50.028306,0,82
29,2,22.015553,50.028272,22.018961,50.028306,0,153
29,8,22.015553,50.028272,22.019068,50.028303,0,146
29,10,22.015553,50.028272,22.019058,50.028303,0,145
29,5,22.015553,50.028272,22.018957,50.028278,0,145
29,9,22.015553,50.028272,22.019022,50.028304,0,134
30,9,22.015553,50.028272,22.019022,50.028304,0,134
30,10,22.015553,50.028272,22.019058,50.028303,0,145
30,5,22.015553,50.028272,22.018957,50.028278,0,145
30,6,22.015553,50.028272,22.019018,50.028304,0,144
30,4,22.015553,50.028272,22.01894,50.028307,0,89
30,2,22.015553,50.028272,22.018961,50.028306,0,153
30,7,22.015553,50.028272,22.019065,50.028303,0,63
30,8,22.015553,50.028272,22.019068,50.028303,0,146
30,3,22.015553,50.028272,22.018967,50.028306,0,82
31,9,22.015553,50.028272,22.019022,50.028304,0,134
31,2,22.015553,50.028272,22.018961,50.028306,0,153
31,3,22.015553,50.028272,22.018967,50.028306,0,82
31,6,22.015553,50.028272,22.019018,50.028304,0,144
31,10,22.015553,50.028272,22.019058,50.028303,0,145
31,7,22.015553,50.028272,22.019065,50.028303,0,63
31,4,22.015553,50.028272,22.01894,50.028307,0,89
31,5,22.015553,50.028272,22.018957,50.028278,0,145
31,8,22.015553,50.028272,22.019068,50.028303,0,146
32,3,22.015553,50.028272,22.018967,50.028306,0,82
32,6,22.015553,50.028272,22.019018,50.028304,0,144
32,9,22.015553,50.028272,22.019022,50.028304,0,134
32,10,22.015553,50.028272,22.019058,50.028303,0,145
32,7,22.015553,50.028272,22.019065,50.028303,0,63
32,11,22.015553,50.028272,22.01909,50.028273,0,120
32,2,22.015553,50.028272,22.018961,50.028306,0,153
32,4,22.015553,50.028272,22.01894,50.028307,0,89
32,5,22.015553,50.028272,22.018957,50.028278,0,145
32,8,22.015553,50.028272,22.019068,50.028303,0,146
33,5,22.015553,50.028272,22.018957,50.028278,0,145
33,10,22.015553,50.028272,22.019058,50.028303,0,145
33,8,22.015553,50.028272,22.019068,50.028303,0,146
33,4,22.015553,50.028272,22.01894,50.028307,0,89
33,6,22.015553,50.028272,22.019018,50.028304,0,144
33,3,22.015553,50.028272,22.018967,50.028306,0,82
33,9,22.015553,50.028272,22.019022,50.028304,0,134
33,2,22.015553,50.028272,22.018961,50.028306,0,153
33,11,22.015553,50.028272,22.01909,50.028273,0,120
33,7,22.015553,50.028272,22.019065,50.028303,0,63
34,10,22.015553,50.028272,22.019058,50.028303,0,145
34,5,22.015553,50.028272,22.018957,50.028278,0,145
34,9,22.015553,50.028272,22.019022,50.028304,0,134
34,8,22.015553,50.028272,22.019068,50.028303,0,146
34,11,22.015553,50.028272,22.01909,50.028273,0,120
34,3,22.015553,50.028272,22.018967,50.028306,0,82
34,4,22.015553,50.028272,22.01894,50.028307,0,89
34,2,22.015553,50.028272,22.018961,50.028306,0,153
34,6,22.015553,50.028272,22.019018,50.028304,0,144
34,7,22.015553,50.028272,22.019065,50.028303,0,63
35,3,22.015553,50.028272,22.018967,50.028306,0,82
35,5,22.015553,50.028272,22.018957,50.028278,0,145
35,12,22.015553,50.028272,22.019074,50.028302,0,51
35,9,22.015553,50.028272,22.019022,50.028304,0,134
35,7,22.015553,50.028272,22.019065,50.028303,0,63
35,6,22.015553,50.028272,22.019018,50.028304,0,144
35,10,22.015553,50.028272,22.019058,50.028303,0,145
35,11,22.015553,50.028272,22.01909,50.028273,0,120
35,8,22.015553,50.028272,22.019068,50.028303,0,146
35,4,22.015553,50.028272,22.01894,50.028307,0,89
35,2,22.015553,50.028272,22.018961,50.028306,0,153
36,3,22.015553,50.028272,22.018967,50.028306,0,82
36,7,22.015553,50.028272,22.019065,50.028303,0,63
36,9,22.015553,50.028272,22.019022,50.028304,0,134
36,5,22.015553,50.028272,22.018957,50.028278,0,145
36,10,22.015553,50.028272,22.019058,50.028303,0,145
36,8,22.015553,50.028272,22.019068,50.028303,0,146
36,6,22.015553,50.028272,22.019018,50.028304,0,144
36,12,22.015553,50.028272,22.019074,50.028302,0,51
36,4,22.015553,50.028272,22.01894,50.028307,0,89
36,2,22.015553,50.028272,22.018961,50.028306,0,153
36,11,22.015553,50.028272,22.01909,50.028273,0,120
37,7,22.015553,50.028272,22.019065,50.028303,0,63
37,4,22.015553,50.028272,22.01894,50.028307,0,89
37,5,22.015553,50.028272,22.018957,50.028278,0,145
37,8,22.015553,50.028272,22.019068,50.028303,0,146
37,3,22.015553,50.028272,22.018967,50.028306,0,82
37,12,22.015553,50.028272,22.019074,50.028302,0,51
37,11,22.015553,50.028272,22.01909,50.028273,0,120
37,2,22.015553,50.028272,22.018961,50.028306,0,153
37,6,22.015553,50.028272,22.019018,50.028304,0,144
37,9,22.015553,50.028272,22.019022,50.028304,0,134
37,10,22.015553,50.028272,22.019058,50.028303,0,145
38,6,22.015553,50.028272,22.019018,50.028304,0,144
38,10,22.015553,50.028272,22.019058,50.028303,0,145
38,4,22.015553,50.028272,22.01894,50.028307,0,89
38,7,22.015553,50.028272,22.019065,50.028303,0,63
38,5,22.015553,50.028272,22.018957,50.028278,0,145
38,8,22.015553,50.028272,22.019068,50.028303,0,146
38,2,22.015553,50.028272,22.018961,50.028306,0,153
38,12,22.015553,50.028272,22.019074,50.028302,0,51
38,9,22.015553,50.028272,22.019022,50.028304,0,134
38,11,22.015553,50.028272,22.01909,50.028273,0,120
38,3,22.015553,50.028272,22.018967,50.028306,0,82
39,5,22.015553,50.028272,22.018957,50.028278,0,145
39,10,22.015553,50.028272,22.019058,50.028303,0,145
39,2,22.015553,50.028272,22.018961,50.028306,0,153
39,6,22.015553,50.028272,22.019018,50.028304,0,144
39,12,22.015553,50.028272,22.019074,50.028302,0,51
39,11,22.015553,50.028272,22.01909,50.028273,0,120
39,3,22.015553,50.028272,22.018967,50.028306,0,82
39,7,22.015553,50.028272,22.019065,50.028303,0,63
39,8,22.015553,50.028272,22.019068,50.028303,0,146
39,4,22.015553,50.028272,22.01894,50.028307,0,89
39,9,22.015553,50.028272,22.019022,50.028304,0,134
40,12,22.015553,50.028272,22.019074,50.028302,0,51
40,3,22.015553,50.028272,22.018967,50.028306,0,82
40,6,22.015553,50.028272,22.019018,50.028304,0,144
40,13,22.015553,50.028272,22.018983,50.028306,0,120
40,2,22.015553,50.028272,22.018961,50.028306,0,153
40,9,22.015553,50.028272,22.019022,50.028304,0,134
40,7,22.015553,50.028272,22.019065,50.028303,0,63
40,8,22.015553,50.028272,22.019068,50.028303,0,146
40,5,22.015553,50.028272,22.018957,50.028278,0,145
40,4,22.015553,50.028272,22.01894,50.028307,0,89
40,11,22.015553,50.028272,22.01909,50.028273,0,120
40,10,22.015553,50.028272,22.019058,50.028303,0,145
41,4,22.015553,50.028272,22.01894,50.028307,0,89
41,13,22.015553,50.028272,22.018983,50.028306,0,120
41,10,22.015553,50.028272,22.019058,50.028303,0,145
41,2,22.015553,50.028272,22.018961,50.028306,0,153
41,5,22.015553,50.028272,22.018957,50.028278,0,145
41,6,22.015553,50.028272,22.019018,50.028304,0,144
41,12,22.015553,50.028272,22.019074,50.028302,0,51
41,3,22.015553,50.028272,22.018967,50.028306,0,82
41,8,22.015553,50.028272,22.019068,50.028303,0,146
41,9,22.015553,50.028272,22.019022,50.028304,0,134
41,7,22.015553,50.028272,22.019065,50.028303,0,63
41,11,22.015553,50.028272,22.01909,50.028273,0,120
42,12,22.015553,50.028272,22.019074,50.028302,0,51
42,8,22.015553,50.028272,22.019068,50.028303,0,146
42,5,22.015553,50.028272,22.018957,50.028278,0,145
42,10,22.015553,50.028272,22.019058,50.028303,0,145
42,7,22.015553,50.028272,22.019065,50.028303,0,63
42,11,22.015553,50.028272,22.01909,50.028273,0,120
42,2,22.015553,50.028272,22.018961,50.028306,0,153
42,13,22.015553,50.028272,22.018983,50.028306,0,120
42,6,22.015553,50.028272,22.019018,50.028304,0,144
42,3,22.015553,50.028272,22.018967,50.028306,0,82
42,9,22.015553,50.028272,22.019022,50.028304,0,134
42,4,22.015553,50.028272,22.01894,50.028307,0,89
43,11,22.015553,50.028272,22.01909,50.028273,0,120
43,12,22.015553,50.028272,22.019074,50.028302,0,51
43,13,22.015553,50.028272,22.018983,50.028306,0,120
43,7,22.015553,50.028272,22.019065,50.028303,0,63
43,10,22.015553,50.028272,22.019058,50.028303,0,145
43,5,22.015553,50.028272,22.018957,50.028278,0,145
43,6,22.015553,50.028272,22.019018,50.028304,0,144
43,3,22.015553,50.028272,22.018967,50.028306,0,82
43,8,22.015553,50.028272,22.019068,50.028303,0,146
43,9,22.015553,50.028272,22.019022,50.028304,0,134
43,2,22.015553,50.028272,22.018961,50.028306,0,153
43,4,22.015553,50.028272,22.01894,50.028307,0,89
44,2,22.015553,50.028272,22.018961,50.028306,0,153
44,6,22.015553,50.028272,22.019018,50.028304,0,144
44,8,22.015553,50.028272,22.019068,50.028303,0,146
44,3,22.015553,50.028272,22.018967,50.028306,0,82
44,11,22.015553,50.028272,22.01909,50.028273,0,120
44,4,22.015553,50.028272,22.01894,50.028307,0,89
44,12,22.015553,50.028272,22.019074,50.028302,0,51
44,13,22.015553,50.028272,22.018983,50.028306,0,120
44,5,22.015553,50.028272,22.018957,50.028278,0,145
44,7,22.015553,50.028272,22.019065,50.028303,0,63
44,10,22.015553,50.028272,22.019058,50.028303,0,145
44,9,22.015553,50.028272,22.019022,50.028304,0,134
45,4,22.015553,50.028272,22.01894,50.028307,0,89
45,5,22.015553,50.028272,22.018957,50.028278,0,145
45,10,22.015553,50.028272,22.019058,50.028303,0,145
45,2,22.015553,50.028272,22.018961,50.028306,0,153
45,9,22.015553,50.028272,22.019022,50.028304,0,134
45,13,22.015553,50.028272,22.018983,50.028306,0,120
45,12,22.015553,50.028272,22.019074,50.028302,0,51
45,6,22.015553,50.028272,22.019018,50.028304,0,144
45,11,22.015553,50.028272,22.01909,50.028273,0,120
45,3,22.015553,50.028272,22.018967,50.028306,0,82
45,7,22.015553,50.028272,22.019065,50.028303,0,63
45,8,22.015553,50.028272,22.019068,50.028303,0,146
46,13,22.015553,50.028272,22.018983,50.028306,0,120
46,2,22.015553,50.028272,22.018961,50.028306,0,153
46,3,22.015553,50.028272,22.018967,50.028306,0,82
46,6,22.015553,50.028272,22.019018,50.028304,0,144
46,5,22.015553,50.028272,22.018957,50.028278,0,145
46,11,22.015553,50.028272,22.01909,50.028273,0,120
46,4,22.015553,50.028272,22.01894,50.028307,0,89
46,10,22.015553,50.028272,22.019058,50.028303,0,145
46,8,22.015553,50.028272,22.019068,50.028303,0,146
46,12,22.015553,50.028272,22.019074,50.028302,0,51
46,9,22.015553,50.028272,22.019022,50.028304,0,134
46,7,22.015553,50.028272,22.019065,50.028303,0,63
47,7,22.015553,50.028272,22.019065,50.028303,0,63
47,10,22.015553,50.028272,22.019058,50.028303,0,145
47,9,22.015553,50.028272,22.019022,50.028304,0,134
47,11,22.015553,50.028272,22.01909,50.028273,0,120
47,4,22.015553,50.028272,22.01894,50.028307,0,89
47,5,22.015553,50.028272,22.018957,50.028278,0,145
47,13,22.015553,50.028272,22.018983,50.028306,0,120
47,6,22.015553,50.028272,22.019018,50.028304,0,144
47,12,22.015553,50.028272,22.019074,50.028302,0,51
47,2,22.015553,50.028272,22.018961,50.028306,0,153
47,8,22.015553,50.028272,22.019068,50.028303,0,146
47,3,22.015553,50.028272,22.018967,50.028306,0,82
48,11,22.015553,50.028272,22.01909,50.028273,0,120
48,4,22.015553,50.028272,22.01894,50.028307,0,89
48,7,22.015553,50.028272,22.019065,50.028303,0,63
48,12,22.015553,50.028272,22.019074,50.028302,0,51
48,9,22.015553,50.028272,22.019022,50.028304,0,134
48,10,22.015553,50.028272,22.019058,50.028303,0,145
48,2,22.015553,50.028272,22.018961,50.028306,0,153
48,5,22.015553,50.028272,22.018957,50.028278,0,145
48,6,22.015553,50.028272,22.019018,50.028304,0,144
48,13,22.015553,50.028272,22.018983,50.028306,0,120
48,8,22.015553,50.028272,22.019068,50.028303,0,146
48,3,22.015553,50.028272,22.018967,50.028306,0,82
49,6,22.015553,50.028272,22.019018,50.028304,0,144
49,2,22.015553,50.028272,22.018961,50.028306,0,153
49,10,22.015553,50.028272,22.019058,50.028303,0,145
49,9,22.015553,50.028272,22.019022,50.028304,0,134
49,11,22.015553,50.028272,22.01909,50.028273,0,120
49,7,22.015553,50.028272,22.019065,50.028303,0,63
49,4,22.015553,50.028272,22.01894,50.028307,0,89
49,12,22.015553,50.028272,22.019074,50.028302,0,51
49,13,22.015553,50.028272,22.018983,50.028306,0,120
49,8,22.015553,50.028272,22.019068,50.028303,0,146
49,3,22.015553,50.028272,22.018967,50.028306,0,82
49,5,22.015553,50.028272,22.018957,50.028278,0,145
50,5,22.015553,50.028272,22.018957,50.028278,0,145
50,9,22.015553,50.028272,22.019022,50.028304,0,134
50,6,22.015553,50.028272,22.019018,50.028304,0,144
50,8,22.015553,50.028272,22.019068,50.028303,0,146
50,2,22.015553,50.028272,22.018961,50.028306,0,153
50,4,22.015553,50.028272,22.01894,50.028307,0,89
50,11,22.015553,50.028272,22.01909,50.028273,0,120
50,10,22.015553,50.028272,22.019058,50.028303,0,145
50,3,22.015553,50.028272,22.018967,50.028306,0,82
50,7,22.015553,50.028272,22.019065,50.028303,0,63
50,12,22.015553,50.028272,22.019074,50.028302,0,51
50,13,22.015553,50.028272,22.018983,50.028306,0,120
51,13,22.015553,50.028272,22.018983,50.028306,0,120
51,6,22.015553,50.028272,22.019018,50.028304,0,144
51,3,22.015553,50.028272,22.018967,50.028306,0,82
51,10,22.015553,50.028272,22.019058,50.028303,0,145
51,11,22.015553,50.028272,22.01909,50.028273,0,120
51,4,22.015553,50.028272,22.01894,50.028307,0,89
51,2,22.015553,50.028272,22.018961,50.028306,0,153
51,7,22.015553,50.028272,22.019065,50.028303,0,63
51,5,22.015553,50.028272,22.018957,50.028278,0,145
51,9,22.015553,50.028272,22.019022,50.028304,0,134
51,12,22.015553,50.028272,22.019074,50.028302,0,51
51,8,22.015553,50.028272,22.019068,50.028303,0,146
52,11,22.015553,50.028272,22.01909,50.028273,0,120
52,10,22.015553,50.028272,22.019058,50.028303,0,145
52,4,22.015553,50.028272,22.01894,50.028307,0,89
52,7,22.015553,50.028272,22.019065,50.028303,0,63
52,8,22.015553,50.028272,22.019068,50.028303,0,146
52,2,22.015553,50.028272,22.018961,50.028306,0,153
52,5,22.015553,50.028272,22.018957,50.028278,0,145
52,13,22.015553,50.028272,22.018983,50.028306,0,120
52,12,22.015553,50.028272,22.019074,50.028302,0,51
52,9,22.015553,50.028272,22.019022,50.028304,0,134
52,6,22.015553,50.028272,22.019018,50.028304,0,144
52,3,22.015553,50.028272,22.018967,50.028306,0,82
53,5,22.015553,50.028272,22.018957,50.028278,0,145
53,10,22.015553,50.028272,22.019058,50.028303,0,145
53,9,22.015553,50.028272,22.019022,50.028304,0,134
53,7,22.015553,50.028272,22.019065,50.028303,0,63
53,8,22.015553,50.028272,22.019068,50.028303,0,146
53,11,22.015553,50.028272,22.01909,50.028273,0,120
53,4,22.015553,50.028272,22.01894,50.028307,0,89
53,12,22.015553,50.028272,22.019074,50.028302,0,51
53,6,22.015553,50.028272,22.019018,50.028304,0,144
53,13,22.015553,50.028272,22.018983,50.028306,0,120
53,2,22.015553,50.028272,22.018961,50.028306,0,153
53,3,22.015553,50.028272,22.018967,50.028306,0,82
54,3,22.015553,50.028272,22.018967,50.028306,0,82
54,7,22.015553,50.028272,22.019065,50.028303,0,63
54,9,22.015553,50.028272,22.019022,50.028304,0,134
54,12,22.015553,50.028272,22.019074,50.028302,0,51
54,13,22.015553,50.028272,22.018983,50.028306,0,120
54,2,22.015553,50.028272,22.018961,50.028306,0,153
54,6,22.015553,50.028272,22.019018,50.028304,0,144
54,10,22.015553,50.028272,22.019058,50.028303,0,145
54,11,22.015553,50.028272,22.01909,50.028273,0,120
54,8,22.015553,50.028272,22.019068,50.028303,0,146
54,5,22.015553,50.028272,22.018957,50.028278,0,145
54,4,22.015553,50.028272,22.01894,50.028307,0,89
55,6,22.015553,50.028272,22.019018,50.028304,0,144
55,2,22.015553,50.028272,22.018961,50.028306,0,153
55,12,22.015553,50.028272,22.019074,50.028302,0,51
55,7,22.015553,50.028272,22.019065,50.028303,0,63
55,8,22.015553,50.028272,22.019068,50.028303,0,146
55,3,22.015553,50.028272,22.018967,50.028306,0,82
55,11,22.015553,50.028272,22.01909,50.028273,0,120
55,10,22.015553,50.028272,22.019058,50.028303,0,145
55,13,22.015553,50.028272,22.018983,50.028306,0,120
55,9,22.015553,50.028272,22.019022,50.028304,0,134
55,4,22.015553,50.028272,22.01894,50.028307,0,89
55,5,22.015553,50.028272,22.018957,50.028278,0,145
56,12,22.015553,50.028272,22.019074,50.028302,0,51
56,10,22.015553,50.028272,22.019058,50.028303,0,145
56,6,22.015553,50.028272,22.019018,50.028304,0,144
56,2,22.015553,50.028272,22.018961,50.028306,0,153
56,4,22.015553,50.028272,22.01894,50.028307,0,89
56,8,22.015553,50.028272,22.019068,50.028303,0,146
56,7,22.015553,50.028272,22.019065,50.028303,0,63
56,5,22.015553,50.028272,22.018957,50.028278,0,145
56,11,22.015553,50.028272,22.01909,50.028273,0,120
56,3,22.015553,50.028272,22.018967,50.028306,0,82
56,9,22.015553,50.028272,22.019022,50.028304,0,134
56,13,22.015553,50.028272,22.018983,50.028306,0,120
57,10,22.015553,50.028272,22.019058,50.028303,0,145
57,4,22.015553,50.028272,22.01894,50.028307,0,89
57,2,22.015553,50.028272,22.018961,50.028306,0,153
57,9,22.015553,50.028272,22.019022,50.028304,0,134
57,7,22.015553,50.028272,22.019065,50.028303,0,63
57,12,22.015553,50.028272,22.019074,50.028302,0,51
57,5,22.015553,50.028272,22.018957,50.028278,0,145
57,6,22.015553,50.028272,22.019018,50.028304,0,144
57,8,22.015553,50.028272,22.019068,50.028303,0,146
57,13,22.015553,50.028272,22.018983,50.028306,0,120
57,11,22.015553,50.028272,22.01909,50.028273,0,120
57,3,22.015553,50.028272,22.018967,50.028306,0,82
58,11,22.015553,50.028272,22.01909,50.028273,0,120
58,8,22.015553,50.028272,22.019068,50.028303,0,146
58,5,22.015553,50.028272,22.018957,50.028278,0,145
58,13,22.015553,50.028272,22.018983,50.028306,0,120
58,10,22.015553,50.028272,22.019058,50.028303,0,145
58,2,22.015553,50.028272,22.018961,50.028306,0,153
58,6,22.015553,50.028272,22.019018,50.028304,0,144
58,12,22.015553,50.028272,22.019074,50.028302,0,51
58,3,22.015553,50.028272,22.018967,50.028306,0,82
58,7,22.015553,50.028272,22.019065,50.028303,0,63
58,9,22.015553,50.028272,22.019022,50.028304,0,134
58,4,22.015553,50.028272,22.01894,50.028307,0,89
59,5,22.015553,50.028272,22.018957,50.028278,0,145
59,13,22.015553,50.028272,22.018983,50.028306,0,120
59,8,22.015553,50.028272,22.019068,50.028303,0,146
59,12,22.015553,50.028272,22.019074,50.028302,0,51
59,6,22.015553,50.028272,22.019018,50.028304,0,144
59,7,22.015553,50.028272,22.019065,50.028303,0,63
59,11,22.015553,50.028272,22.01909,50.028273,0,120
59,9,22.015553,50.028272,22.019022,50.028304,0,134
59,4,22.015553,50.028272,22.01894,50.028307,0,89
59,3,22.015553,50.028272,22.018967,50.028306,0,82
59,2,22.015553,50.028272,22.018961,50.028306,0,153
59,10,22.015553,50.028272,22.019058,50.028303,0,145
60,10,22.015553,50.028272,22.019058,50.028303,0,145
60,13,22.015553,50.028272,22.018983,50.028306,0,120
60,6,22.015553,50.028272,22.019018,50.028304,0,144
60,8,22.015553,50.028272,22.019068,50.028303,0,146
60,7,22.015553,50.028272,22.019065,50.028303,0,63
60,12,22.015553,50.028272,22.019074,50.028302,0,51
60,4,22.015553,50.028272,22.01894,50.028307,0,89
60,11,22.015553,50.028272,22.01909,50.028273,0,120
60,9,22.015553,50.028272,22.019022,50.028304,0,134
60,3,22.015553,50.028272,22.018967,50.028306,0,82
60,5,22.015553,50.028272,22.018957,50.028278,0,145
60,2,22.015553,50.028272,22.018961,50.028306,0,153
61,8,22.015553,50.028272,22.019068,50.028303,0,146
61,12,22.015553,50.028272,22.019074,50.028302,0,51
61,2,22.015553,50.028272,22.018961,50.028306,0,153
61,3,22.015553,50.028272,22.018967,50.028306,0,82
61,7,22.015553,50.028272,22.019065,50.028303,0,63
61,6,22.015553,50.028272,22.019018,50.028304,0,144
61,10,22.015553,50.028272,22.019058,50.028303,0,145
61,9,22.015553,50.028272,22.019022,50.028304,0,134
61,4,22.015553,50.028272,22.01894,50.028307,0,89
61,11,22.015553,50.028272,22.01909,50.028273,0,120
61,13,22.015553,50.028272,22.018983,50.028306,0,120
61,5,22.015553,50.028272,22.018957,50.028278,0,145
62,8,22.015553,50.028272,22.019068,50.028303,0,146
62,5,22.015553,50.028272,22.018957,50.028278,0,145
62,13,22.015553,50.028272,22.018983,50.028306,0,120
62,12,22.015553,50.028272,22.019074,50.028302,0,51
62,11,22.015553,50.028272,22.01909,50.028273,0,120
62,9,22.015553,50.028272,22.019022,50.028304,0,134
62,7,22.015553,50.028272,22.019065,50.028303,0,63
62,4,22.015553,50.028272,22.01894,50.028307,0,89
62,3,22.015553,50.028272,22.018967,50.028306,0,82
62,10,22.015553,50.028272,22.019058,50.028303,0,145
62,2,22.015553,50.028272,22.018961,50.028306,0,153
62,6,22.015553,50.028272,22.019018,50.028304,0,144
63,5,22.015553,50.028272,22.018957,50.028278,0,145
63,9,22.015553,50.028272,22.019022,50.028304,0,134
63,12,22.015553,50.028272,22.019074,50.028302,0,51
63,7,22.015553,50.028272,22.019065,50.028303,0,63
63,11,22.015553,50.028272,22.01909,50.028273,0,120
63,10,22.015553,50.028272,22.019058,50.028303,0,145
63,13,22.015553,50.028272,22.018983,50.028306,0,120
63,3,22.015553,50.028272,22.018967,50.028306,0,82
63,4,22.015553,50.028272,22.01894,50.028307,0,89
63,6,22.015553,50.028272,22.019018,50.028304,0,144
63,2,22.015553,50.028272,22.018961,50.028306,0,153
63,8,22.015553,50.028272,22.019068,50.028303,0,146
64,12,22.015553,50.028272,22.019074,50.028302,0,51
64,10,22.015553,50.028272,22.019058,50.028303,0,145
64,6,22.015553,50.028272,22.019018,50.028304,0,144
64,5,22.015553,50.028272,22.018957,50.028278,0,145
64,9,22.015553,50.028272,22.019022,50.028304,0,134
64,2,22.015553,50.028272,22.018961,50.028306,0,153
64,4,22.015553,50.028272,22.01894,50.028307,0,89
64,3,22.015553,50.028272,22.018967,50.028306,0,82
64,11,22.015553,50.028272,22.01909,50.028273,0,120
64,7,22.015553,50.028272,22.019065,50.028303,0,63
64,8,22.015553,50.028272,22.019068,50.028303,0,146
64,13,22.015553,50.028272,22.018983,50.028306,0,120
65,8,22.015553,50.028272,22.019068,50.028303,0,146
65,11,22.015553,50.028272,22.01909,50.028273,0,120
65,7,22.015553,50.028272,22.019065,50.028303,0,63
65,2,22.015553,50.028272,22.018961,50.028306,0,153
65,3,22.015553,50.028272,22.018967,50.028306,0,82
65,6,22.015553,50.028272,22.019018,50.028304,0,144
65,5,22.015553,50.028272,22.018957,50.028278,0,145
65,13,22.015553,50.028272,22.018983,50.028306,0,120
65,12,22.015553,50.028272,22.019074,50.028302,0,51
65,10,22.015553,50.028272,22.019058,50.028303,0,145
65,9,22.015553,50.028272,22.019022,50.028304,0,134
65,4,22.015553,50.028272,22.01894,50.028307,0,89
66,8,22.015553,50.028272,22.019068,50.028303,0,146
66,4,22.015553,50.028272,22.01894,50.028307,0,89
66,6,22.015553,50.028272,22.019018,50.028304,0,144
66,2,22.015553,50.028272,22.018961,50.028306,0,153
66,11,22.015553,50.028272,22.01909,50.028273,0,120
66,13,22.015553,50.028272,22.018983,50.028306,0,120
66,3,22.015553,50.028272,22.018967,50.028306,0,82
66,9,22.015553,50.028272,22.019022,50.028304,0,134
66,10,22.015553,50.028272,22.019058,50.028303,0,145
66,7,22.015553,50.028272,22.019065,50.028303,0,63
66,5,22.015553,50.028272,22.018957,50.028278,0,145
66,12,22.015553,50.028272,22.019074,50.028302,0,51
67,4,22.015553,50.028272,22.01894,50.028307,0,89
67,2,22.015553,50.028272,22.018961,50.028306,0,153
67,7,22.015553,50.028272,22.019065,50.028303,0,63
67,13,22.015553,50.028272,22.018983,50.028306,0,120
67,11,22.015553,50.028272,22.01909,50.028273,0,120
67,10,22.015553,50.028272,22.019058,50.028303,0,145
67,9,22.015553,50.028272,22.019022,50.028304,0,134
67,5,22.015553,50.028272,22.018957,50.028278,0,145
67,8,22.015553,50.028272,22.019068,50.028303,0,146
67,3,22.015553,50.028272,22.018967,50.028306,0,82
67,12,22.015553,50.028272,22.019074,50.028302,0,51
67,6,22.015553,50.028272,22.019018,50.028304,0,144
68,9,22.015553,50.028272,22.019022,50.028304,0,134
68,10,22.015553,50.028272,22.019058,50.028303,0,145
68,8,22.015553,50.028272,22.019068,50.028303,0,146
68,7,22.015553,50.028272,22.019065,50.028303,0,63
68,6,22.015553,50.028272,22.019018,50.028304,0,144
68,3,22.015553,50.028272,22.018967,50.028306,0,82
68,11,22.015553,50.028272,22.01909,50.028273,0,120
68,12,22.015553,50.028272,22.019074,50.028302,0,51
68,13,22.015553,50.028272,22.018983,50.028306,0,120
68,2,22.015553,50.028272,22.018961,50.028306,0,153
68,5,22.015553,50.028272,22.018957,50.028278,0,145
68,4,22.015553,50.028272,22.01894,50.028307,0,89
69,12,22.015553,50.028272,22.019074,50.028302,0,51
69,9,22.015553,50.028272,22.019022,50.028304,0,134
69,6,22.015553,50.028272,22.019018,50.028304,0,144
69,2,22.015553,50.028272,22.018961,50.028306,0,153
69,3,22.015553,50.028272,22.018967,50.028306,0,82
69,8,22.015553,50.028272,22.019068,50.028303,0,146
69,5,22.015553,50.028272,22.018957,50.028278,0,145
69,7,22.015553,50.028272,22.019065,50.028303,0,63
69,11,22.015553,50.028272,22.01909,50.028273,0,120
69,10,22.015553,50.028272,22.019058,50.028303,0,145
69,13,22.015553,50.028272,22.018983,50.028306,0,120
69,4,22.015553,50.028272,22.01894,50.028307,0,89
70,3,22.015553,50.028272,22.018967,50.028306,0,82
70,9,22.015553,50.028272,22.019022,50.028304,0,134
70,7,22.015553,50.028272,22.019065,50.028303,0,63
70,11,22.015553,50.028272,22.01909,50.028273,0,120
70,10,22.015553,50.028272,22.019058,50.028303,0,145
70,2,22.015553,50.028272,22.018961,50.028306,0,153
70,5,22.015553,50.028272,22.018957,50.028278,0,145
70,8,22.015553,50.028272,22.019068,50.028303,0,146
70,6,22.015553,50.028272,22.019018,50.028304,0,144
70,12,22.015553,50.028272,22.019074,50.028302,0,51
70,4,22.015553,50.028272,22.01894,50.028307,0,89
70,13,22.015553,50.028272,22.018983,50.028306,0,120
71,2,22.015553,50.028272,22.018961,50.028306,0,153
71,11,22.015553,50.028272,22.01909,50.028273,0,120
71,10,22.015553,50.028272,22.019058,50.028303,0,145
71,3,22.015553,50.028272,22.018967,50.028306,0,82
71,4,22.015553,50.028272,22.01894,50.028307,0,89
71,6,22.015553,50.028272,22.019018,50.028304,0,144
71,9,22.015553,50.028272,22.019022,50.028304,0,134
71,13,22.015553,50.028272,22.018983,50.028306,0,120
71,7,22.015553,50.028272,22.019065,50.028303,0,63
71,5,22.015553,50.028272,22.018957,50.028278,0,145
71,8,22.015553,50.028272,22.019068,50.028303,0,146
71,12,22.015553,50.028272,22.019074,50.028302,0,51
72,8,22.015553,50.028272,22.019068,50.028303,0,146
72,3,22.015553,50.028272,22.018967,50.028306,0,82
72,7,22.015553,50.028272,22.019065,50.028303,0,63
72,13,22.015553,50.028272,22.018983,50.028306,0,120
72,12,22.015553,50.028272,22.019074,50.028302,0,51
72,10,22.015553,50.028272,22.019058,50.028303,0,145
72,2,22.015553,50.028272,22.018961,50.028306,0,153
72,9,22.015553,50.028272,22.019022,50.028304,0,134
72,5,22.015553,50.028272,22.018957,50.028278,0,145
72,11,22.015553,50.028272,22.01909,50.028273,0,120
72,6,22.015553,50.028272,22.019018,50.028304,0,144
72,4,22.015553,50.028272,22.01894,50.028307,0,89
73,11,22.015553,50.028272,22.01909,50.028273,0,120
73,7,22.015553,50.028272,22.019065,50.028303,0,63
73,10,22.015553,50.028272,22.019058,50.028303,0,145
73,5,22.015553,50.028272,22.018957,50.028278,0,145
73,3,22.015553,50.028272,22.018967,50.028306,0,82
73,12,22.015553,50.028272,22.019074,50.028302,0,51
73,8,22.015553,50.028272,22.019068,50.028303,0,146
73,9,22.015553,50.028272,22.019022,50.028304,0,134
73,6,22.015553,50.028272,22.019018,50.028304,0,144
73,13,22.015553,50.028272,22.018983,50.028306,0,120
73,2,22.015553,50.028272,22.018961,50.028306,0,153
73,4,22.015553,50.028272,22.01894,50.028307,0,89
74,9,22.015553,50.028272,22.019022,50.028304,0,134
74,5,22.015553,50.028272,22.018957,50.028278,0,145
74,10,22.015553,50.028272,22.019058,50.028303,0,145
74,2,22.015553,50.028272,22.018961,50.028306,0,153
74,4,22.015553,50.028272,22.01894,50.028307,0,89
74,12,22.015553,50.028272,22.019074,50.028302,0,51
74,11,22.015553,50.028272,22.01909,50.028273,0,120
74,7,22.015553,50.028272,22.019065,50.028303,0,63
74,6,22.015553,50.028272,22.019018,50.028304,0,144
74,3,22.015553,50.028272,22.018967,50.028306,0,82
74,13,22.015553,50.028272,22.018983,50.028306,0,120
74,8,22.015553,50.028272,22.019068,50.028303,0,146
75,11,22.015553,50.028272,22.01909,50.028273,0,120
75,12,22.015553,50.028272,22.019074,50.028302,0,51
75,9,22.015553,50.028272,22.019022,50.028304,0,134
75,8,22.015553,50.028272,22.019068,50.028303,0,146
75,2,22.015553,50.028272,22.018961,50.028306,0,153
75,4,22.015553,50.028272,22.01894,50.028307,0,89
75,7,22.015553,50.028272,22.019065,50.028303,0,63
75,13,22.015553,50.028272,22.018983,50.028306,0,120
75,6,22.015553,50.028272,22.019018,50.028304,0,144
75,3,22.015553,50.028272,22.018967,50.028306,0,82
75,5,22.015553,50.028272,22.018957,50.028278,0,145
75,10,22.015553,50.028272,22.019058,50.028303,0,145
76,2,22.015553,50.028272,22.018961,50.028306,0,153
76,10,22.015553,50.028272,22.019058,50.028303,0,145
76,3,22.015553,50.028272,22.018967,50.028306,0,82
76,5,22.015553,50.028272,22.018957,50.028278,0,145
76,9,22.015553,50.028272,22.019022,50.028304,0,134
76,4,22.015553,50.028272,22.01894,50.028307,0,89
76,8,22.015553,50.028272,22.019068,50.028303,0,146
76,11,22.015553,50.028272,22.01909,50.028273,0,120
76,13,22.015553,50.028272,22.018983,50.028306,0,120
76,6,22.015553,50.028272,22.019018,50.028304,0,144
76,7,22.015553,50.028272,22.019065,50.028303,0,63
76,12,22.015553,50.028272,22.019074,50.028302,0,51
77,8,22.015553,50.028272,22.019068,50.028303,0,146
77,4,22.015553,50.028272,22.01894,50.028307,0,89
77,6,22.015553,50.028272,22.019018,50.028304,0,144
77,3,22.015553,50.028272,22.018967,50.028306,0,82
77,9,22.015553,50.028272,22.019022,50.028304,0,134
77,7,22.015553,50.028272,22.019065,50.028303,0,63
77,5,22.015553,50.028272,22.018957,50.028278,0,145
77,12,22.015553,50.028272,22.019074,50.028302,0,51
77,2,22.015553,50.028272,22.018961,50.028306,0,153
77,11,22.015553,50.028272,22.01909,50.028273,0,120
77,13,22.015553,50.028272,22.018983,50.028306,0,120
77,10,22.015553,50.028272,22.019058,50.028303,0,145
78,10,22.015553,50.028272,22.019058,50.028303,0,145
78,5,22.015553,50.028272,22.018957,50.028278,0,145
78,12,22.015553,50.028272,22.019074,50.028302,0,51
78,9,22.015553,50.028272,22.019022,50.028304,0,134
78,8,22.015553,50.028272,22.019068,50.028303,0,146
78,2,22.015553,50.028272,22.018961,50.028306,0,153
78,4,22.015553,50.028272,22.01894,50.028307,0,89
78,11,22.015553,50.028272,22.01909,50.028273,0,120
78,7,22.015553,50.028272,22.019065,50.028303,0,63
78,3,22.015553,50.028272,22.018967,50.028306,0,82
78,6,22.015553,50.028272,22.019018,50.028304,0,144
78,13,22.015553,50.028272,22.018983,50.028306,0,120
79,10,22.015553,50.028272,22.019058,50.028303,0,145
79,5,22.015553,50.028272,22.018957,50.028278,0,145
79,3,22.015553,50.028272,22.018967,50.028306,0,82
79,2,22.015553,50.028272,22.018961,50.028306,0,153
79,9,22.015553,50.028272,22.019022,50.028304,0,134
79,4,22.015553,50.028272,22.01894,50.028307,0,89
79,13,22.015553,50.028272,22.018983,50.028306,0,120
79,11,22.015553,50.028272,22.01909,50.028273,0,120
79,6,22.015553,50.028272,22.019018,50.028304,0,144
79,12,22.015553,50.028272,22.019074,50.028302,0,51
79,8,22.015553,50.028272,22.019068,50.028303,0,146
80,10,22.015553,50.028272,22.019058,50.028303,0,145
80,6,22.015553,50.028272,22.019018,50.028304,0,144
80,5,22.015553,50.028272,22.018957,50.028278,0,145
80,3,22.015553,50.028272,22.018967,50.028306,0,82
80,2,22.015553,50.028272,22.018961,50.028306,0,153
80,12,22.015553,50.028272,22.019074,50.028302,0,51
80,9,22.015553,50.028272,22.019022,50.028304,0,134
80,8,22.015553,50.028272,22.019068,50.028303,0,146
80,11,22.015553,50.028272,22.01909,50.028273,0,120
80,13,22.015553,50.028272,22.018983,50.028306,0,120
80,4,22.015553,50.028272,22.01894,50.028307,0,89
81,3,22.015553,50.028272,22.018967,50.028306,0,82
81,9,22.015553,50.028272,22.019022,50.028304,0,134
81,6,22.015553,50.028272,22.019018,50.028304,0,144
81,2,22.015553,50.028272,22.018961,50.028306,0,153
81,13,22.015553,50.028272,22.018983,50.028306,0,120
81,11,22.015553,50.028272,22.01909,50.028273,0,120
81,5,22.015553,50.028272,22.018957,50.028278,0,145
81,12,22.015553,50.028272,22.019074,50.028302,0,51
81,4,22.015553,50.028272,22.01894,50.028307,0,89
81,8,22.015553,50.028272,22.019068,50.028303,0,146
81,10,22.015553,50.028272,22.019058,50.028303,0,145
82,10,22.015553,50.028272,22.019058,50.028303,0,145
82,8,22.015553,50.028272,22.019068,50.028303,0,146
82,11,22.015553,50.028272,22.01909,50.028273,0,120
82,9,22.015553,50.028272,22.019022,50.028304,0,134
82,4,22.015553,50.028272,22.01894,50.028307,0,89
82,3,22.015553,50.028272,22.018967,50.028306,0,82
82,13,22.015553,50.028272,22.018983,50.028306,0,120
82,6,22.015553,50.028272,22.019018,50.028304,0,144
82,12,22.015553,50.028272,22.019074,50.028302,0,51
82,5,22.015553,50.028272,22.018957,50.028278,0,145
82,2,22.015553,50.028272,22.018961,50.028306,0,153
83,9,22.015553,50.028272,22.019022,50.028304,0,134
83,12,22.015553,50.028272,22.019074,50.028302,0,51
83,11,22.015553,50.028272,22.01909,50.028273,0,120
83,3,22.015553,50.028272,22.018967,50.028306,0,82
83,5,22.015553,50.028272,22.018957,50.028278,0,145
83,13,22.015553,50.028272,22.018983,50.028306,0,120
83,4,22.015553,50.028272,22.01894,50.028307,0,89
83,8,22.015553,50.028272,22.019068,50.028303,0,146
83,2,22.015553,50.028272,22.018961,50.028306,0,153
83,6,22.015553,50.028272,22.019018,50.028304,0,144
83,10,22.015553,50.028272,22.019058,50.028303,0,145
84,4,22.015553,50.028272,22.01894,50.028307,0,89
84,13,22.015553,50.028272,22.018983,50.028306,0,120
84,6,22.015553,50.028272,22.019018,50.028304,0,144
84,10,22.015553,50.028272,22.019058,50.028303,0,145
84,2,22.015553,50.028272,22.018961,50.028306,0,153
84,9,22.015553,50.028272,22.019022,50.028304,0,134
84,8,22.015553,50.028272,22.019068,50.028303,0,146
84,11,22.015553,50.028272,22.01909,50.028273,0,120
84,5,22.015553,50.028272,22.018957,50.028278,0,145
84,12,22.015553,50.028272,22.019074,50.028302,0,51
85,2,22.015553,50.028272,22.018961,50.028306,0,153
85,10,22.015553,50.028272,22.019058,50.028303,0,145
85,8,22.015553,50.028272,22.019068,50.028303,0,146
85,6,22.015553,50.028272,22.019018,50.028304,0,144
85,11,22.015553,50.028272,22.01909,50.028273,0,120
85,13,22.015553,50.028272,22.018983,50.028306,0,120
85,5,22.015553,50.028272,22.018957,50.028278,0,145
85,12,22.015553,50.028272,22.019074,50.028302,0,51
85,9,22.015553,50.028272,22.019022,50.028304,0,134
85,4,22.015553,50.028272,22.01894,50.028307,0,89
86,13,22.015553,50.028272,22.018983,50.028306,0,120
86,11,22.015553,50.028272,22.01909,50.028273,0,120
86,9,22.015553,50.028272,22.019022,50.028304,0,134
86,8,22.015553,50.028272,22.019068,50.028303,0,146
86,4,22.015553,50.028272,22.01894,50.028307,0,89
86,10,22.015553,50.028272,22.019058,50.028303,0,145
86,2,22.015553,50.028272,22.018961,50.028306,0,153
86,12,22.015553,50.028272,22.019074,50.028302,0,51
86,5,22.015553,50.028272,22.018957,50.028278,0,145
86,6,22.015553,50.028272,22.019018,50.028304,0,144
87,10,22.015553,50.028272,22.019058,50.028303,0,145
87,11,22.015553,50.028272,22.01909,50.028273,0,120
87,6,22.015553,50.028272,22.019018,50.028304,0,144
87,5,22.015553,50.028272,22.018957,50.028278,0,145
87,2,22.015553,50.028272,22.018961,50.028306,0,153
87,13,22.015553,50.028272,22.018983,50.028306,0,120
87,4,22.015553,50.028272,22.01894,50.028307,0,89
87,9,22.015553,50.028272,22.019022,50.028304,0,134
87,8,22.015553,50.028272,22.019068,50.028303,0,146
88,13,22.015553,50.028272,22.018983,50.028306,0,120
88,5,22.015553,50.028272,22.018957,50.028278,0,145
88,11,22.015553,50.028272,22.01909,50.028273,0,120
88,8,22.015553,50.028272,22.019068,50.028303,0,146
88,4,22.015553,50.028272,22.01894,50.028307,0,89
88,2,22.015553,50.028272,22.018961,50.028306,0,153
88,6,22.015553,50.028272,22.019018,50.028304,0,144
88,10,22.015553,50.028272,22.019058,50.028303,0,145
88,9,22.015553,50.028272,22.019022,50.028304,0,134
89,9,22.015553,50.028272,22.019022,50.028304,0,134
89,10,22.015553,50.028272,22.019058,50.028303,0,145
89,11,22.015553,50.028272,22.01909,50.028273,0,120
89,5,22.015553,50.028272,22.018957,50.028278,0,145
89,8,22.015553,50.028272,22.019068,50.028303,0,146
89,6,22.015553,50.028272,22.019018,50.028304,0,144
89,13,22.015553,50.028272,22.018983,50.028306,0,120
89,2,22.015553,50.028272,22.018961,50.028306,0,153
89,4,22.015553,50.028272,22.01894,50.028307,0,89
90,11,22.015553,50.028272,22.01909,50.028273,0,120
90,10,22.015553,50.028272,22.019058,50.028303,0,145
90,6,22.015553,50.028272,22.019018,50.028304,0,144
90,13,22.015553,50.028272,22.018983,50.028306,0,120
90,8,22.015553,50.028272,22.019068,50.028303,0,146
90,5,22.015553,50.028272,22.018957,50.028278,0,145
90,9,22.015553,50.028272,22.019022,50.028304,0,134
90,4,22.015553,50.028272,22.01894,50.028307,0,89
90,2,22.015553,50.028272,22.018961,50.028306,0,153
91,6,22.015553,50.028272,22.019018,50.028304,0,144
91,8,22.015553,50.028272,22.019068,50.028303,0,146
91,10,22.015553,50.028272,22.019058,50.028303,0,145
91,2,22.015553,50.028272,22.018961,50.028306,0,153
91,5,22.015553,50.028272,22.018957,50.028278,0,145
91,4,22.015553,50.028272,22.01894,50.028307,0,89
91,11,22.015553,50.028272,22.01909,50.028273,0,120
91,13,22.015553,50.028272,22.018983,50.028306,0,120
91,9,22.015553,50.028272,22.019022,50.028304,0,134
92,5,22.015553,50.028272,22.018957,50.028278,0,145
92,9,22.015553,50.028272,22.019022,50.028304,0,134
92,8,22.015553,50.028272,22.019068,50.028303,0,146
92,2,22.015553,50.028272,22.018961,50.028306,0,153
92,11,22.015553,50.028272,22.01909,50.028273,0,120
92,6,22.015553,50.028272,22.019018,50.028304,0,144
92,10,22.015553,50.028272,22.019058,50.028303,0,145
92,13,22.015553,50.028272,22.018983,50.028306,0,120
93,10,22.015553,50.028272,22.019058,50.028303,0,145
93,8,22.015553,50.028272,22.019068,50.028303,0,146
93,13,22.015553,50.028272,22.018983,50.028306,0,120
93,5,22.015553,50.028272,22.018957,50.028278,0,145
93,6,22.015553,50.028272,22.019018,50.028304,0,144
93,9,22.015553,50.028272,22.019022,50.028304,0,134
93,11,22.015553,50.028272,22.01909,50.028273,0,120
93,2,22.015553,50.028272,22.018961,50.028306,0,153
94,9,22.015553,50.028272,22.019022,50.028304,0,134
94,10,22.015553,50.028272,22.019058,50.028303,0,145
94,5,22.015553,50.028272,22.018957,50.028278,0,145
94,6,22.015553,50.028272,22.019018,50.028304,0,144
94,2,22.015553,50.028272,22.018961,50.028306,0,153
94,8,22.015553,50.028272,22.019068,50.028303,0,146
94,11,22.015553,50.028272,22.01909,50.028273,0,120
94,13,22.015553,50.028272,22.018983,50.028306,0,120
95,6,22.015553,50.028272,22.019018,50.028304,0,144
95,5,22.015553,50.028272,22.018957,50.028278,0,145
95,9,22.015553,50.028272,22.019022,50.028304,0,134
95,13,22.015553,50.028272,22.018983,50.028306,0,120
95,8,22.015553,50.028272,22.019068,50.028303,0,146
95,11,22.015553,50.028272,22.01909,50.028273,0,120
95,10,22.015553,50.028272,22.019058,50.028303,0,145
95,2,22.015553,50.028272,22.018961,50.028306,0,153
96,10,22.015553,50.028272,22.019058,50.028303,0,145
96,6,22.015553,50.028272,22.019018,50.028304,0,144
96,9,22.015553,50.028272,22.019022,50.028304,0,134
96,2,22.015553,50.028272,22.018961,50.028306,0,153
96,11,22.015553,50.028272,22.01909,50.028273,0,120
96,13,22.015553,50.028272,22.018983,50.028306,0,120
96,8,22.015553,50.028272,22.019068,50.028303,0,146
96,5,22.015553,50.028272,22.018957,50.028278,0,145
97,6,22.015553,50.028272,22.019018,50.028304,0,144
97,2,22.015553,50.028272,22.018961,50.028306,0,153
97,11,22.015553,50.028272,22.01909,50.028273,0,120
97,13,22.015553,50.028272,22.018983,50.028306,0,120
97,5,22.015553,50.028272,22.018957,50.028278,0,145
97,9,22.015553,50.028272,22.019022,50.028304,0,134
97,8,22.015553,50.028272,22.019068,50.028303,0,146
97,10,22.015553,50.028272,22.019058,50.028303,0,145
98,11,22.015553,50.028272,22.01909,50.028273,0,120
98,9,22.015553,50.028272,22.019022,50.028304,0,134
98,5,22.015553,50.028272,22.018957,50.028278,0,145
98,2,22.015553,50.028272,22.018961,50.028306,0,153
98,13,22.015553,50.028272,22.018983,50.028306,0,120
98,8,22.015553,50.028272,22.019068,50.028303,0,146
98,6,22.015553,50.028272,22.019018,50.028304,0,144
98,10,22.015553,50.028272,22.019058,50.028303,0,145
99,2,22.015553,50.028272,22.018961,50.028306,0,153
99,11,22.015553,50.028272,22.01909,50.028273,0,120
99,8,22.015553,50.028272,22.019068,50.028303,0,146
99,6,22.015553,50.028272,22.019018,50.028304,0,144
99,5,22.015553,50.028272,22.018957,50.028278,0,145
99,10,22.015553,50.028272,22.019058,50.028303,0,145
99,9,22.015553,50.028272,22.019022,50.028304,0,134
99,13,22.015553,50.028272,22.018983,50.028306,0,120
100,2,22.015553,50.028272,22.018961,50.028306,0,153
100,9,22.015553,50.028272,22.019022,50.028304,0,134
100,10,22.015553,50.028272,22.019058,50.028303,0,145
100,6,22.015553,50.028272,22.019018,50.028304,0,144
100,8,22.015553,50.028272,22.019068,50.028303,0,146
100,5,22.015553,50.028272,22.018957,50.028278,0,145
100,13,22.015553,50.028272,22.018983,50.028306,0,120
100,11,22.015553,50.028272,22.01909,50.028273,0,120
101,2,22.015553,50.028272,22.018961,50.028306,0,153
101,8,22.015553,50.028272,22.019068,50.028303,0,146
101,6,22.015553,50.028272,22.019018,50.028304,0,144
101,11,22.015553,50.028272,22.01909,50.028273,0,120
101,13,22.015553,50.028272,22.018983,50.028306,0,120
101,5,22.015553,50.028272,22.018957,50.028278,0,145
101,9,22.015553,50.028272,22.019022,50.028304,0,134
101,10,22.015553,50.028272,22.019058,50.028303,0,145
102,10,22.015553,50.028272,22.019058,50.028303,0,145
102,5,22.015553,50.028272,22.018957,50.028278,0,145
102,11,22.015553,50.028272,22.01909,50.028273,0,120
102,8,22.015553,50.028272,22.019068,50.028303,0,146
102,13,22.015553,50.028272,22.018983,50.028306,0,120
102,9,22.015553,50.028272,22.019022,50.028304,0,134
102,2,22.015553,50.028272,22.018961,50.028306,0,153
102,6,22.015553,50.028272,22.019018,50.028304,0,144
103,13,22.015553,50.028272,22.018983,50.028306,0,120
103,11,22.015553,50.028272,22.01909,50.028273,0,120
103,10,22.015553,50.028272,22.019058,50.028303,0,145
103,2,22.015553,50.028272,22.018961,50.028306,0,153
103,5,22.015553,50.028272,22.018957,50.028278,0,145
103,9,22.015553,50.028272,22.019022,50.028304,0,134
103,8,22.015553,50.028272,22.019068,50.028303,0,146
103,6,22.015553,50.028272,22.019018,50.028304,0,144
104,6,22.015553,50.028272,22.019018,50.028304,0,144
104,9,22.015553,50.028272,22.019022,50.028304,0,134
104,10,22.015553,50.028272,22.019058,50.028303,0,145
104,8,22.015553,50.028272,22.019068,50.028303,0,146
104,11,22.015553,50.028272,22.01909,50.028273,0,120
104,13,22.015553,50.028272,22.018983,50.028306,0,120
104,2,22.015553,50.028272,22.018961,50.028306,0,153
104,5,22.015553,50.028272,22.018957,50.028278,0,145
105,2,22.015553,50.028272,22.018961,50.028306,0,153
105,10,22.015553,50.028272,22.019058,50.028303,0,145
105,8,22.015553,50.028272,22.019068,50.028303,0,146
105,13,22.015553,50.028272,22.018983,50.028306,0,120
105,6,22.015553,50.028272,22.019018,50.028304,0,144
105,11,22.015553,50.028272,22.01909,50.028273,0,120
105,9,22.015553,50.028272,22.019022,50.028304,0,134
105,5,22.015553,50.028272,22.018957,50.028278,0,145
106,9,22.015553,50.028272,22.019022,50.028304,0,134
106,10,22.015553,50.028272,22.019058,50.028303,0,145
106,13,22.015553,50.028272,22.018983,50.028306,0,120
106,11,22.015553,50.028272,22.01909,50.028273,0,120
106,2,22.015553,50.028272,22.018961,50.028306,0,153
106,8,22.015553,50.028272,22.019068,50.028303,0,146
106,5,22.015553,50.028272,22.018957,50.028278,0,145
106,6,22.015553,50.028272,22.019018,50.028304,0,144
107,6,22.015553,50.028272,22.019018,50.028304,0,144
107,5,22.015553,50.028272,22.018957,50.028278,0,145
107,10,22.015553,50.028272,22.019058,50.028303,0,145
107,11,22.015553,50.028272,22.01909,50.028273,0,120
107,9,22.015553,50.028272,22.019022,50.028304,0,134
107,13,22.015553,50.028272,22.018983,50.028306,0,120
107,2,22.015553,50.028272,22.018961,50.028306,0,153
107,8,22.015553,50.028272,22.019068,50.028303,0,146
108,2,22.015553,50.028272,22.018961,50.028306,0,153
108,6,22.015553,50.028272,22.019018,50.028304,0,144
108,9,22.015553,50.028272,22.019022,50.028304,0,134
108,11,22.015553,50.028272,22.01909,50.028273,0,120
108,5,22.015553,50.028272,22.018957,50.028278,0,145
108,8,22.015553,50.028272,22.019068,50.028303,0,146
108,10,22.015553,50.028272,22.019058,50.028303,0,145
108,13,22.015553,50.028272,22.018983,50.028306,0,120
109,11,22.015553,50.028272,22.01909,50.028273,0,120
109,8,22.015553,50.028272,22.019068,50.028303,0,146
109,2,22.015553,50.028272,22.018961,50.028306,0,153
109,13,22.015553,50.028272,22.018983,50.028306,0,120
109,9,22.015553,50.028272,22.019022,50.028304,0,134
109,10,22.015553,50.028272,22.019058,50.028303,0,145
109,6,22.015553,50.028272,22.019018,50.028304,0,144
109,5,22.015553,50.028272,22.018957,50.028278,0,145
110,11,22.015553,50.028272,22.01909,50.028273,0,120
110,5,22.015553,50.028272,22.018957,50.028278,0,145
110,10,22.015553,50.028272,22.019058,50.028303,0,145
110,9,22.015553,50.028272,22.019022,50.028304,0,134
110,6,22.015553,50.028272,22.019018,50.028304,0,144
110,13,22.015553,50.028272,22.018983,50.028306,0,120
110,8,22.015553,50.028272,22.019068,50.028303,0,146
110,2,22.015553,50.028272,22.018961,50.028306,0,153
111,2,22.015553,50.028272,22.018961,50.028306,0,153
111,8,22.015553,50.028272,22.019068,50.028303,0,146
111,11,22.015553,50.028272,22.01909,50.028273,0,120
111,13,22.015553,50.028272,22.018983,50.028306,0,120
111,10,22.015553,50.028272,22.019058,50.028303,0,145
111,5,22.015553,50.028272,22.018957,50.028278,0,145
111,6,22.015553,50.028272,22.019018,50.028304,0,144
111,9,22.015553,50.028272,22.019022,50.028304,0,134
112,2,22.015553,50.028272,22.018961,50.028306,0,153
112,10,22.015553,50.028272,22.019058,50.028303,0,145
112,5,22.015553,50.028272,22.018957,50.028278,0,145
112,6,22.015553,50.028272,22.019018,50.028304,0,144
112,8,22.015553,50.028272,22.019068,50.028303,0,146
112,13,22.015553,50.028272,22.018983,50.028306,0,120
112,9,22.015553,50.028272,22.019022,50.028304,0,134
112,11,22.015553,50.028272,22.01909,50.028273,0,120
113,6,22.015553,50.028272,22.019018,50.028304,0,144
113,9,22.015553,50.028272,22.019022,50.028304,0,134
113,2,22.015553,50.028272,22.018961,50.028306,0,153
113,11,22.015553,50.028272,22.01909,50.028273,0,120
113,8,22.015553,50.028272,22.019068,50.028303,0,146
113,5,22.015553,50.028272,22.018957,50.028278,0,145
113,10,22.015553,50.028272,22.019058,50.028303,0,145
113,13,22.015553,50.028272,22.018983,50.028306,0,120
114,10,22.015553,50.028272,22.019058,50.028303,0,145
114,6,22.015553,50.028272,22.019018,50.028304,0,144
114,2,22.015553,50.028272,22.018961,50.028306,0,153
114,13,22.015553,50.028272,22.018983,50.028306,0,120
114,8,22.015553,50.028272,22.019068,50.028303,0,146
114,9,22.015553,50.028272,22.019022,50.028304,0,134
114,11,22.015553,50.028272,22.01909,50.028273,0,120
114,5,22.015553,50.028272,22.018957,50.028278,0,145
115,6,22.015553,50.028272,22.019018,50.028304,0,144
115,5,22.015553,50.028272,22.018957,50.028278,0,145
115,10,22.015553,50.028272,22.019058,50.028303,0,145
115,13,22.015553,50.028272,22.018983,50.028306,0,120
115,2,22.015553,50.028272,22.018961,50.028306,0,153
115,9,22.015553,50.028272,22.019022,50.028304,0,134
115,8,22.015553,50.028272,22.019068,50.028303,0,146
115,11,22.015553,50.028272,22.01909,50.028273,0,120
116,6,22.015553,50.028272,22.019018,50.028304,0,144
116,9,22.015553,50.028272,22.019022,50.028304,0,134
116,2,22.015553,50.028272,22.018961,50.028306,0,153
116,11,22.015553,50.028272,22.01909,50.028273,0,120
116,8,22.015553,50.028272,22.019068,50.028303,0,146
116,10,22.015553,50.028272,22.019058,50.028303,0,145
116,5,22.015553,50.028272,22.018957,50.028278,0,145
116,13,22.015553,50.028272,22.018983,50.028306,0,120
117,11,22.015553,50.028272,22.01909,50.028273,0,120
117,6,22.015553,50.028272,22.019018,50.028304,0,144
117,8,22.015553,50.028272,22.019068,50.028303,0,146
117,10,22.015553,50.028272,22.019058,50.028303,0,145
117,5,22.015553,50.028272,22.018957,50.028278,0,145
117,9,22.015553,50.028272,22.019022,50.028304,0,134
117,13,22.015553,50.028272,22.018983,50.028306,0,120
117,2,22.015553,50.028272,22.018961,50.028306,0,153
118,5,22.015553,50.028272,22.018957,50.028278,0,145
118,9,22.015553,50.028272,22.019022,50.028304,0,134
118,11,22.015553,50.028272,22.01909,50.028273,0,120
118,2,22.015553,50.028272,22.018961,50.028306,0,153
118,10,22.015553,50.028272,22.019058,50.028303,0,145
118,13,22.015553,50.028272,22.018983,50.028306,0,120
118,8,22.015553,50.028272,22.019068,50.028303,0,146
118,6,22.015553,50.028272,22.019018,50.028304,0,144
119,5,22.015553,50.028272,22.018957,50.028278,0,145
119,9,22.015553,50.028272,22.019022,50.028304,0,134
119,2,22.015553,50.028272,22.018961,50.028306,0,153
119,13,22.015553,50.028272,22.018983,50.028306,0,120
119,6,22.015553,50.028272,22.019018,50.028304,0,144
119,10,22.015553,50.028272,22.019058,50.028303,0,145
119,11,22.015553,50.028272,22.01909,50.028273,0,120
119,8,22.015553,50.028272,22.019068,50.028303,0,146
120,5,22.015553,50.028272,22.018957,50.028278,0,145
120,13,22.015553,50.028272,22.018983,50.028306,0,120
120,6,22.015553,50.028272,22.019018,50.028304,0,144
120,2,22.015553,50.028272,22.018961,50.028306,0,153
120,10,22.015553,50.028272,22.019058,50.028303,0,145
120,11,22.015553,50.028272,22.01909,50.028273,0,120
120,8,22.015553,50.028272,22.019068,50.028303,0,146
120,9,22.015553,50.028272,22.019022,50.028304,0,134
121,8,22.015553,50.028272,22.019068,50.028303,0,146
121,9,22.015553,50.028272,22.019022,50.028304,0,134
121,2,22.015553,50.028272,22.018961,50.028306,0,153
121,10,22.015553,50.028272,22.019058,50.028303,0,145
121,13,22.015553,50.028272,22.018983,50.028306,0,120
121,5,22.015553,50.028272,22.018957,50.028278,0,145
121,11,22.015553,50.028272,22.01909,50.028273,0,120
121,6,22.015553,50.028272,22.019018,50.028304,0,144
122,13,22.015553,50.028272,22.018983,50.028306,0,120
122,11,22.015553,50.028272,22.01909,50.028273,0,120
122,8,22.015553,50.028272,22.019068,50.028303,0,146
122,5,22.015553,50.028272,22.018957,50.028278,0,145
122,9,22.015553,50.028272,22.019022,50.028304,0,134
122,10,22.015553,50.028272,22.019058,50.028303,0,145
122,2,22.015553,50.028272,22.018961,50.028306,0,153
122,6,22.015553,50.028272,22.019018,50.028304,0,144
123,10,22.015553,50.028272,22.019058,50.028303,0,145
123,6,22.015553,50.028272,22.019018,50.028304,0,144
123,2,22.015553,50.028272,22.018961,50.028306,0,153
123,8,22.015553,50.028272,22.019068,50.028303,0,146
123,5,22.015553,50.028272,22.018957,50.028278,0,145
123,9,22.015553,50.028272,22.019022,50.028304,0,134
123,13,22.015553,50.028272,22.018983,50.028306,0,120
123,11,22.015553,50.028272,22.01909,50.028273,0,120
124,9,22.015553,50.028272,22.019022,50.028304,0,134
124,13,22.015553,50.028272,22.018983,50.028306,0,120
124,2,22.015553,50.028272,22.018961,50.028306,0,153
124,10,22.015553,50.028272,22.019058,50.028303,0,145
124,11,22.015553,50.028272,22.01909,50.028273,0,120
124,8,22.015553,50.028272,22.019068,50.028303,0,146
124,5,22.015553,50.028272,22.018957,50.028278,0,145
124,6,22.015553,50.028272,22.019018,50.028304,0,144
125,13,22.015553,50.028272,22.018983,50.028306,0,120
125,2,22.015553,50.028272,22.018961,50.028306,0,153
125,10,22.015553,50.028272,22.019058,50.028303,0,145
125,8,22.015553,50.028272,22.019068,50.028303,0,146
125,5,22.015553,50.028272,22.018957,50.028278,0,145
125,9,22.015553,50.028272,22.019022,50.028304,0,134
125,6,22.015553,50.028272,22.019018,50.028304,0,144
125,11,22.015553,50.028272,22.01909,50.028273,0,120
126,9,22.015553,50.028272,22.019022,50.028304,0,134
126,13,22.015553,50.028272,22.018983,50.028306,0,120
126,5,22.015553,50.028272,22.018957,50.028278,0,145
126,10,22.015553,50.028272,22.019058,50.028303,0,145
126,2,22.015553,50.028272,22.018961,50.028306,0,153
126,11,22.015553,50.028272,22.01909,50.028273,0,120
126,6,22.015553,50.028272,22.019018,50.028304,0,144
126,8,22.015553,50.028272,22.019068,50.028303,0,146
127,13,22.015553,50.028272,22.018983,50.028306,0,120
127,9,22.015553,50.028272,22.019022,50.028304,0,134
127,5,22.015553,50.028272,22.018957,50.028278,0,145
127,2,22.015553,50.028272,22.018961,50.028306,0,153
127,10,22.015553,50.028272,22.019058,50.028303,0,145
127,11,22.015553,50.028272,22.01909,50.028273,0,120
127,6,22.015553,50.028272,22.019018,50.028304,0,144
127,8,22.015553,50.028272,22.019068,50.028303,0,146
128,6,22.015553,50.028272,22.019018,50.028304,0,144
128,8,22.015553,50.028272,22.019068,50.028303,0,146
128,2,22.015553,50.028272,22.018961,50.028306,0,153
128,10,22.015553,50.028272,22.019058,50.028303,0,145
128,5,22.015553,50.028272,22.018957,50.028278,0,145
128,9,22.015553,50.028272,22.019022,50.028304,0,134
128,11,22.015553,50.028272,22.01909,50.028273,0,120
128,13,22.015553,50.028272,22.018983,50.028306,0,120
129,11,22.015553,50.028272,22.01909,50.028273,0,120
129,13,22.015553,50.028272,22.018983,50.028306,0,120
129,2,22.015553,50.028272,22.018961,50.028306,0,153
129,9,22.015553,50.028272,22.019022,50.028304,0,134
129,10,22.015553,50.028272,22.019058,50.028303,0,145
129,5,22.015553,50.028272,22.018957,50.028278,0,145
129,6,22.015553,50.028272,22.019018,50.028304,0,144
129,8,22.015553,50.028272,22.019068,50.028303,0,146
130,2,22.015553,50.028272,22.018961,50.028306,0,153
130,6,22.015553,50.028272,22.019018,50.028304,0,144
130,5,22.015553,50.028272,22.018957,50.028278,0,145
130,9,22.015553,50.028272,22.019022,50.028304,0,134
130,8,22.015553,50.028272,22.019068,50.028303,0,146
130,10,22.015553,50.028272,22.019058,50.028303,0,145
130,13,22.015553,50.028272,22.018983,50.028306,0,120
130,11,22.015553,50.028272,22.01909,50.028273,0,120
131,5,22.015553,50.028272,22.018957,50.028278,0,145
131,10,22.015553,50.028272,22.019058,50.028303,0,145
131,8,22.015553,50.028272,22.019068,50.028303,0,146
131,6,22.015553,50.028272,22.019018,50.028304,0,144
131,2,22.015553,50.028272,22.018961,50.028306,0,153
131,11,22.015553,50.028272,22.01909,50.028273,0,120
131,9,22.015553,50.028272,22.019022,50.028304,0,134
131,13,22.015553,50.028272,22.018983,50.028306,0,120
132,8,22.015553,50.028272,22.019068,50.028303,0,146
132,11,22.015553,50.028272,22.01909,50.028273,0,120
132,5,22.015553,50.028272,22.018957,50.028278,0,145
132,10,22.015553,50.028272,22.019058,50.028303,0,145
132,2,22.015553,50.028272,22.018961,50.028306,0,153
132,13,22.015553,50.028272,22.018983,50.028306,0,120
132,6,22.015553,50.028272,22.019018,50.028304,0,144
132,9,22.015553,50.028272,22.019022,50.028304,0,134
133,6,22.015553,50.028272,22.019018,50.028304,0,144
133,9,22.015553,50.028272,22.019022,50.028304,0,134
133,5,22.015553,50.028272,22.018957,50.028278,0,145
133,10,22.015553,50.028272,22.019058,50.028303,0,145
133,11,22.015553,50.028272,22.01909,50.028273,0,120
133,8,22.015553,50.028272,22.019068,50.028303,0,146
133,13,22.015553,50.028272,22.018983,50.028306,0,120
133,2,22.015553,50.028272,22.018961,50.028306,0,153
134,10,22.015553,50.028272,22.019058,50.028303,0,145
134,9,22.015553,50.028272,22.019022,50.028304,0,134
134,6,22.015553,50.028272,22.019018,50.028304,0,144
134,8,22.015553,50.028272,22.019068,50.028303,0,146
134,13,22.015553,50.028272,22.018983,50.028306,0,120
134,11,22.015553,50.028272,22.01909,50.028273,0,120
134,2,22.015553,50.028272,22.018961,50.028306,0,153
134,5,22.015553,50.028272,22.018957,50.028278,0,145
135,6,22.015553,50.028272,22.019018,50.028304,0,144
135,13,22.015553,50.028272,22.018983,50.028306,0,120
135,10,22.015553,50.028272,22.019058,50.028303,0,145
135,2,22.015553,50.028272,22.018961,50.028306,0,153
135,5,22.015553,50.028272,22.018957,50.028278,0,145
135,9,22.015553,50.028272,22.019022,50.028304,0,134
135,8,22.015553,50.028272,22.019068,50.028303,0,146
135,11,22.015553,50.028272,22.01909,50.028273,0,120
136,10,22.015553,50.028272,22.019058,50.028303,0,145
136,6,22.015553,50.028272,22.019018,50.028304,0,144
136,13,22.015553,50.028272,22.018983,50.028306,0,120
136,8,22.015553,50.028272,22.019068,50.028303,0,146
136,11,22.015553,50.028272,22.01909,50.028273,0,120
136,5,22.015553,50.028272,22.018957,50.028278,0,145
136,9,22.015553,50.028272,22.019022,50.028304,0,134
136,2,22.015553,50.028272,22.018961,50.028306,0,153
137,8,22.015553,50.028272,22.019068,50.028303,0,146
137,5,22.015553,50.028272,22.018957,50.028278,0,145
137,9,22.015553,50.028272,22.019022,50.028304,0,134
137,6,22.015553,50.028272,22.019018,50.028304,0,144
137,10,22.015553,50.028272,22.019058,50.028303,0,145
137,2,22.015553,50.028272,22.018961,50.028306,0,153
137,11,22.015553,50.028272,22.01909,50.028273,0,120
137,13,22.015553,50.028272,22.018983,50.028306,0,120
138,9,22.015553,50.028272,22.019022,50.028304,0,134
138,8,22.015553,50.028272,22.019068,50.028303,0,146
138,10,22.015553,50.028272,22.019058,50.028303,0,145
138,11,22.015553,50.028272,22.01909,50.028273,0,120
138,6,22.015553,50.028272,22.019018,50.028304,0,144
138,5,22.015553,50.028272,22.018957,50.028278,0,145
138,2,22.015553,50.028272,22.018961,50.028306,0,153
138,13,22.015553,50.028272,22.018983,50.028306,0,120
139,13,22.015553,50.028272,22.018983,50.028306,0,120
139,10,22.015553,50.028272,22.019058,50.028303,0,145
139,6,22.015553,50.028272,22.019018,50.028304,0,144
139,5,22.015553,50.028272,22.018957,50.028278,0,145
139,8,22.015553,50.028272,22.019068,50.028303,0,146
139,2,22.015553,50.028272,22.018961,50.028306,0,153
139,9,22.015553,50.028272,22.019022,50.028304,0,134
139,11,22.015553,50.028272,22.01909,50.028273,0,120
140,6,22.015553,50.028272,22.019018,50.028304,0,144
140,8,22.015553,50.028272,22.019068,50.028303,0,146
140,13,22.015553,50.028272,22.018983,50.028306,0,120
140,2,22.015553,50.028272,22.018961,50.028306,0,153
140,5,22.015553,50.028272,22.018957,50.028278,0,145
140,10,22.015553,50.028272,22.019058,50.028303,0,145
140,11,22.015553,50.028272,22.01909,50.028273,0,120
140,9,22.015553,50.028272,22.019022,50.028304,0,134
141,9,22.015553,50.028272,22.019022,50.028304,0,134
141,8,22.015553,50.028272,22.019068,50.028303,0,146
141,13,22.015553,50.028272,22.018983,50.028306,0,120
141,2,22.015553,50.028272,22.018961,50.028306,0,153
141,10,22.015553,50.028272,22.019058,50.028303,0,145
141,11,22.015553,50.028272,22.01909,50.028273,0,120
141,6,22.015553,50.028272,22.019018,50.028304,0,144
141,5,22.015553,50.028272,22.018957,50.028278,0,145
142,6,22.015553,50.028272,22.019018,50.028304,0,144
142,10,22.015553,50.028272,22.019058,50.028303,0,145
142,2,22.015553,50.028272,22.018961,50.028306,0,153
142,8,22.015553,50.028272,22.019068,50.028303,0,146
142,5,22.015553,50.028272,22.018957,50.028278,0,145
142,13,22.015553,50.028272,22.018983,50.028306,0,120
142,9,22.015553,50.028272,22.019022,50.028304,0,134
142,11,22.015553,50.028272,22.01909,50.028273,0,120
143,6,22.015553,50.028272,22.019018,50.028304,0,144
143,2,22.015553,50.028272,22.018961,50.028306,0,153
143,5,22.015553,50.028272,22.018957,50.028278,0,145
143,8,22.015553,50.028272,22.019068,50.028303,0,146
143,13,22.015553,50.028272,22.018983,50.028306,0,120
143,9,22.015553,50.028272,22.019022,50.028304,0,134
143,10,22.015553,50.028272,22.019058,50.028303,0,145
143,11,22.015553,50.028272,22.01909,50.028273,0,120
144,13,22.015553,50.028272,22.018983,50.028306,0,120
144,5,22.015553,50.028272,22.018957,50.028278,0,145
144,8,22.015553,50.028272,22.019068,50.028303,0,146
144,11,22.015553,50.028272,22.01909,50.028273,0,120
144,9,22.015553,50.028272,22.019022,50.028304,0,134
144,10,22.015553,50.028272,22.019058,50.028303,0,145
144,2,22.015553,50.028272,22.018961,50.028306,0,153
144,6,22.015553,50.028272,22.019018,50.028304,0,144
145,8,22.015553,50.028272,22.019068,50.028303,0,146
145,6,22.015553,50.028272,22.019018,50.028304,0,144
145,11,22.015553,50.028272,22.01909,50.028273,0,120
145,9,22.015553,50.028272,22.019022,50.028304,0,134
145,2,22.015553,50.028272,22.018961,50.028306,0,153
145,10,22.015553,50.028272,22.019058,50.028303,0,145
145,5,22.015553,50.028272,22.018957,50.028278,0,145
145,13,22.015553,50.028272,22.018983,50.028306,0,120
146,9,22.015553,50.028272,22.019022,50.028304,0,134
146,10,22.015553,50.028272,22.019058,50.028303,0,145
146,11,22.015553,50.028272,22.01909,50.028273,0,120
146,5,22.015553,50.028272,22.018957,50.028278,0,145
146,13,22.015553,50.028272,22.018983,50.028306,0,120
146,6,22.015553,50.028272,22.019018,50.028304,0,144
146,8,22.015553,50.028272,22.019068,50.028303,0,146
146,2,22.015553,50.028272,22.018961,50.028306,0,153
147,9,22.015553,50.028272,22.019022,50.028304,0,134
147,13,22.015553,50.028272,22.018983,50.028306,0,120
147,11,22.015553,50.028272,22.01909,50.028273,0,120
147,5,22.015553,50.028272,22.018957,50.028278,0,145
147,2,22.015553,50.028272,22.018961,50.028306,0,153
147,10,22.015553,50.028272,22.019058,50.028303,0,145
147,8,22.015553,50.028272,22.019068,50.028303,0,146
147,6,22.015553,50.028272,22.019018,50.028304,0,144
148,6,22.015553,50.028272,22.019018,50.028304,0,144
148,13,22.015553,50.028272,22.018983,50.028306,0,120
148,11,22.015553,50.028272,22.01909,50.028273,0,120
148,2,22.015553,50.028272,22.018961,50.028306,0,153
148,9,22.015553,50.028272,22.019022,50.028304,0,134
148,10,22.015553,50.028272,22.019058,50.028303,0,145
148,8,22.015553,50.028272,22.019068,50.028303,0,146
148,5,22.015553,50.028272,22.018957,50.028278,0,145
149,11,22.015553,50.028272,22.01909,50.028273,0,120
149,2,22.015553,50.028272,22.018961,50.028306,0,153
149,10,22.015553,50.028272,22.019058,50.028303,0,145
149,8,22.015553,50.028272,22.019068,50.028303,0,146
149,5,22.015553,50.028272,22.018957,50.028278,0,145
149,6,22.015553,50.028272,22.019018,50.028304,0,144
149,9,22.015553,50.028272,22.019022,50.028304,0,134
149,13,22.015553,50.028272,22.018983,50.028306,0,120
150,5,22.015553,50.028272,22.018957,50.028278,0,145
150,6,22.015553,50.028272,22.019018,50.028304,0,144
150,13,22.015553,50.028272,22.018983,50.028306,0,120
150,11,22.015553,50.028272,22.01909,50.028273,0,120
150,8,22.015553,50.028272,22.019068,50.028303,0,146
150,2,22.015553,50.028272,22.018961,50.028306,0,153
150,9,22.015553,50.028272,22.019022,50.028304,0,134
150,10,22.015553,50.028272,22.019058,50.028303,0,145
151,10,22.015553,50.028272,22.019058,50.028303,0,145
151,2,22.015553,50.028272,22.018961,50.028306,0,153
151,13,22.015553,50.028272,22.018983,50.028306,0,120
151,9,22.015553,50.028272,22.019022,50.028304,0,134
151,6,22.015553,50.028272,22.019018,50.028304,0,144
151,8,22.015553,50.028272,22.019068,50.028303,0,146
151,5,22.015553,50.028272,22.018957,50.028278,0,145
151,11,22.015553,50.028272,22.01909,50.028273,0,120
152,10,22.015553,50.028272,22.019058,50.028303,0,145
152,13,22.015553,50.028272,22.018983,50.028306,0,120
152,8,22.015553,50.028272,22.019068,50.028303,0,146
152,9,22.015553,50.028272,22.019022,50.028304,0,134
152,2,22.015553,50.028272,22.018961,50.028306,0,153
152,11,22.015553,50.028272,22.01909,50.028273,0,120
152,6,22.015553,50.028272,22.019018,50.028304,0,144
153,10,22.015553,50.028272,22.019058,50.028303,0,145
153,13,22.015553,50.028272,22.018983,50.028306,0,120
153,9,22.015553,50.028272,22.019022,50.028304,0,134
153,6,22.015553,50.028272,22.019018,50.028304,0,144
153,8,22.015553,50.028272,22.019068,50.028303,0,146
153,2,22.015553,50.028272,22.018961,50.028306,0,153
154,13,22.015553,50.028272,22.018983,50.028306,0,120
154,9,22.015553,50.028272,22.019022,50.028304,0,134
154,10,22.015553,50.028272,22.019058,50.028303,0,145
154,6,22.015553,50.028272,22.019018,50.028304,0,144
154,8,22.015553,50.028272,22.019068,50.028303,0,146
155,9,22.015553,50.028272,22.019022,50.028304,0,134
155,8,22.015553,50.028272,22.019068,50.028303,0,146
155,10,22.015553,50.028272,22.019058,50.028303,0,145
155,6,22.015553,50.028272,22.019018,50.028304,0,144
155,13,22.015553,50.028272,22.018983,50.028306,0,120
156,9,22.015553,50.028272,22.019022,50.028304,0,134
156,8,22.015553,50.028272,22.019068,50.028303,0,146
156,10,22.015553,50.028272,22.019058,50.028303,0,145
156,13,22.015553,50.028272,22.018983,50.028306,0,120
157,9,22.015553,50.028272,22.019022,50.028304,0,134
157,10,22.015553,50.028272,22.019058,50.028303,0,145
157,8,22.015553,50.028272,22.019068,50.028303,0,146
157,13,22.015553,50.028272,22.018983,50.028306,0,120
158,13,22.015553,50.028272,22.018983,50.028306,0,120
158,8,22.015553,50.028272,22.019068,50.028303,0,146
158,10,22.015553,50.028272,22.019058,50.028303,0,145
159,8,22.015553,50.028272,22.019068,50.028303,0,146
159,13,22.015553,50.028272,22.018983,50.028306,0,120
159,10,22.015553,50.028272,22.019058,50.028303,0,145
160,13,22.015553,50.028272,22.018983,50.028306,0,120
160,8,22.015553,50.028272,22.019068,50.028303,0,146
160,10,22.015553,50.028272,22.019058,50.028303,0,145
161,8,22.015553,50.028272,22.019068,50.028303,0,146
161,10,22.015553,50.028272,22.019058,50.028303,0,145
162,8,22.015553,50.028272,22.019068,50.028303,0,146
162,10,22.015553,50.028272,22.019058,50.028303,0,145
163,8,22.015553,50.028272,22.019068,50.028303,0,146
163,10,22.015553,50.028272,22.019058,50.028303,0,145
164,8,22.015553,50.028272,22.019068,50.028303,0,146
164,10,22.015553,50.028272,22.019058,50.028303,0,145
165,8,22.015553,50.028272,22.019068,50.028303,0,146
165,10,22.015553,50.028272,22.019058,50.028303,0,145
166,10,22.015553,50.028272,22.019058,50.028303,0,145
167,10,22.015553,50.028272,22.019058,50.028303,0,145
168,10,22.015553,50.028272,22.019058,50.028303,0,145
169,10,22.015553,50.028272,22.019058,50.028303,0,145
